epoch,MAE,MSE,loss,val_MAE,val_MSE,val_loss
0,0.847450852394104,1.4399133920669556,1.4399137496948242,0.7510924935340881,1.2691928148269653,1.2691928148269653
1,0.686511754989624,0.979954719543457,0.9799544215202332,0.531108558177948,0.7484510540962219,0.7484511137008667
2,0.6238104701042175,0.8452364802360535,0.8452364802360535,0.6312943696975708,0.9325495362281799,0.9325495362281799
3,0.5824821591377258,0.7535141706466675,0.7535141110420227,0.655021607875824,1.2003628015518188,1.2003626823425293
4,0.5464514493942261,0.6685391664505005,0.6685391068458557,0.5751227140426636,0.6671136617660522,0.667113721370697
5,0.5114955902099609,0.5999380350112915,0.5999382138252258,0.5187486410140991,0.6614987850189209,0.6614987850189209
6,0.5091017484664917,0.5873386263847351,0.5873385071754456,0.4558233916759491,0.5776822566986084,0.5776822566986084
7,0.48676633834838867,0.555497944355011,0.5554980039596558,0.5895988345146179,1.0295385122299194,1.029538631439209
8,0.47001761198043823,0.5243058204650879,0.5243057608604431,0.6971510648727417,1.3221982717514038,1.3221982717514038
9,0.4661765396595001,0.5094391107559204,0.5094389319419861,0.7350839972496033,1.3642213344573975,1.3642213344573975
10,0.46063199639320374,0.4985945522785187,0.49859461188316345,0.44924527406692505,0.46203312277793884,0.46203315258026123
11,0.4532221853733063,0.4792398512363434,0.4792400598526001,0.7530441284179688,1.557187557220459,1.557187557220459
12,0.43418920040130615,0.44475552439689636,0.44475558400154114,0.708195149898529,1.157344102859497,1.1573439836502075
13,0.4463895261287689,0.4713091254234314,0.4713090658187866,0.44127267599105835,0.482740581035614,0.482740581035614
14,0.43147045373916626,0.4364662766456604,0.4364662766456604,0.5543431639671326,0.9007583856582642,0.9007584452629089
15,0.416398823261261,0.41289031505584717,0.4128902554512024,0.4212697744369507,0.4960297644138336,0.49602973461151123
16,0.4147847294807434,0.4044167995452881,0.40441659092903137,1.0309982299804688,2.5091445446014404,2.5091445446014404
17,0.4074304401874542,0.39356568455696106,0.39356568455696106,0.4656475782394409,0.47164541482925415,0.4716454744338989
18,0.41385871171951294,0.4027518033981323,0.4027518630027771,0.37623319029808044,0.3694266080856323,0.36942654848098755
19,0.39186689257621765,0.3693593144416809,0.36935946345329285,0.4864000380039215,0.5744054913520813,0.5744054317474365
20,0.40021583437919617,0.3801153600215912,0.3801153302192688,0.3581380844116211,0.33078375458717346,0.33078378438949585
21,0.3888454735279083,0.35408568382263184,0.35408568382263184,0.39306944608688354,0.374729722738266,0.374729722738266
22,0.37943270802497864,0.34485307335853577,0.3448529839515686,0.38419821858406067,0.40402165055274963,0.40402162075042725
23,0.37308600544929504,0.33153989911079407,0.33153989911079407,0.46234434843063354,0.5480793714523315,0.5480793714523315
24,0.37600240111351013,0.32934442162513733,0.32934439182281494,0.7291164994239807,1.5483226776123047,1.5483229160308838
25,0.3785717487335205,0.33357399702072144,0.3335738778114319,0.4148891866207123,0.39196014404296875,0.39196014404296875
26,0.36933428049087524,0.3233862817287445,0.3233863413333893,0.5238454341888428,0.6768918037414551,0.6768918037414551
27,0.36659032106399536,0.3135772943496704,0.313577264547348,0.4638140797615051,0.47620949149131775,0.47620949149131775
28,0.3613508343696594,0.3070986866950989,0.3070985674858093,0.34341689944267273,0.3109053373336792,0.3109053373336792
29,0.3572515845298767,0.30120453238487244,0.3012045621871948,0.3240691125392914,0.2764294743537903,0.27642950415611267
30,0.3633359968662262,0.3091371953487396,0.30913716554641724,0.44172120094299316,0.5028294920921326,0.5028294324874878
31,0.35949984192848206,0.2988831102848053,0.2988831698894501,0.4290641248226166,0.44047603011131287,0.44047605991363525
32,0.34926220774650574,0.28715020418167114,0.28715017437934875,0.36644333600997925,0.279540091753006,0.279540091753006
33,0.34678807854652405,0.27782928943634033,0.27782922983169556,0.40378469228744507,0.3494611978530884,0.3494611978530884
34,0.3498980700969696,0.28547683358192444,0.28547683358192444,0.39949551224708557,0.37643247842788696,0.3764324188232422
35,0.3452209234237671,0.2697151005268097,0.26971516013145447,0.4248611032962799,0.48931100964546204,0.48931095004081726
36,0.33789607882499695,0.2666636109352112,0.26666367053985596,0.44615036249160767,0.4903777837753296,0.4903777837753296
37,0.34659144282341003,0.27471309900283813,0.27471306920051575,0.32254981994628906,0.2335282266139984,0.2335282415151596
38,0.3414582908153534,0.26516279578208923,0.2651628255844116,0.34038829803466797,0.25450724363327026,0.2545072138309479
39,0.3551877439022064,0.28785306215286255,0.28785309195518494,0.5745934247970581,0.7790175080299377,0.7790175676345825
40,0.3334157168865204,0.2568318843841553,0.2568318843841553,0.3969736397266388,0.35705816745758057,0.35705816745758057
41,0.3242369592189789,0.2427455186843872,0.2427455633878708,0.3236285448074341,0.25549036264419556,0.25549036264419556
42,0.3346899747848511,0.2528592050075531,0.2528592348098755,0.432159423828125,0.5218265652656555,0.5218265652656555
43,0.33921217918395996,0.26168566942214966,0.26168569922447205,0.35890984535217285,0.298462450504303,0.298462450504303
44,0.32246607542037964,0.23856332898139954,0.23856337368488312,0.30303800106048584,0.23346127569675446,0.23346126079559326
45,0.3209467828273773,0.23012714087963104,0.23012708127498627,0.2939212918281555,0.21469037234783173,0.21469037234783173
46,0.3245307207107544,0.2366497814655304,0.2366497665643692,0.37135717272758484,0.3278464376926422,0.3278464674949646
47,0.31627053022384644,0.22414815425872803,0.2241482138633728,0.4948636293411255,0.5907996892929077,0.5907997488975525
48,0.3242555260658264,0.23492632806301117,0.2349262237548828,0.40774834156036377,0.40061667561531067,0.40061670541763306
49,0.33184611797332764,0.24421148002147675,0.24421146512031555,0.45125746726989746,0.543624758720398,0.543624758720398
50,0.3172982931137085,0.2251873016357422,0.22518731653690338,0.6681932210922241,1.336502194404602,1.3365020751953125
51,0.31642329692840576,0.2269323766231537,0.22693240642547607,0.29659155011177063,0.231184720993042,0.2311847060918808
52,0.3173792362213135,0.2259370982646942,0.22593706846237183,0.5398610234260559,0.7167946696281433,0.7167946696281433
53,0.3096561133861542,0.21820859611034393,0.21820853650569916,0.28082871437072754,0.19510965049266815,0.19510963559150696
54,0.3120540976524353,0.22034841775894165,0.22034841775894165,0.26675155758857727,0.17970320582389832,0.1797032207250595
55,0.30589553713798523,0.20879784226417542,0.20879779756069183,0.34594693779945374,0.25165045261383057,0.25165045261383057
56,0.31349319219589233,0.2134287804365158,0.213428795337677,0.36293861269950867,0.3236083388328552,0.3236083388328552
57,0.30959269404411316,0.21602995693683624,0.21602994203567505,0.30352783203125,0.20874841511249542,0.20874843001365662
58,0.31029435992240906,0.21355503797531128,0.21355502307415009,0.2644512355327606,0.1811348795890808,0.181134894490242
59,0.30714282393455505,0.20809932053089142,0.2080993354320526,0.29151394963264465,0.20441317558288574,0.20441316068172455
60,0.3079676032066345,0.2129555642604828,0.21295557916164398,0.2792397141456604,0.20540890097618103,0.20540888607501984
61,0.3019283711910248,0.20098638534545898,0.20098638534545898,0.29572972655296326,0.23185667395591736,0.23185668885707855
62,0.2964754104614258,0.19925066828727722,0.19925066828727722,0.3736436069011688,0.34153032302856445,0.34153035283088684
63,0.30149075388908386,0.20245350897312164,0.20245344936847687,0.3545289635658264,0.3064470887184143,0.3064470887184143
64,0.29605430364608765,0.19513872265815735,0.19513872265815735,0.354268342256546,0.3089101314544678,0.3089101314544678
65,0.29621756076812744,0.19341275095939636,0.19341276586055756,0.2665649950504303,0.17962917685508728,0.17962919175624847
66,0.29861459136009216,0.19804434478282928,0.1980443149805069,0.27078506350517273,0.18598608672618866,0.18598610162734985
67,0.2919376492500305,0.18990777432918549,0.18990777432918549,0.4074423015117645,0.42370328307151794,0.42370331287384033
68,0.29053357243537903,0.18613243103027344,0.1861324906349182,0.3576676547527313,0.3271828591823578,0.3271828889846802
69,0.29621633887290955,0.1947607398033142,0.1947607398033142,0.38424205780029297,0.40187957882881165,0.40187954902648926
70,0.2859928011894226,0.18021740019321442,0.18021735548973083,0.27204880118370056,0.19159220159053802,0.19159220159053802
71,0.2880365550518036,0.18263205885887146,0.18263205885887146,0.28804707527160645,0.2073010802268982,0.207301065325737
72,0.3003405034542084,0.19871756434440613,0.19871756434440613,0.3919488191604614,0.3873521089553833,0.3873521387577057
73,0.31073200702667236,0.2098013311624527,0.2098013013601303,0.47325676679611206,0.5764012932777405,0.5764012932777405
74,0.2922641634941101,0.18698902428150177,0.18698903918266296,0.2507476508617401,0.16436733305454254,0.16436730325222015
75,0.2870655953884125,0.18215742707252502,0.18215741217136383,0.28300583362579346,0.2090819776058197,0.2090820074081421
76,0.2968989312648773,0.1857946664094925,0.1857946515083313,0.36034443974494934,0.2571689486503601,0.2571689188480377
77,0.29804325103759766,0.19155514240264893,0.19155511260032654,0.36158499121665955,0.30063048005104065,0.30063050985336304
78,0.28196775913238525,0.17481237649917603,0.17481237649917603,0.2497887909412384,0.16063670814037323,0.16063670814037323
79,0.29606395959854126,0.18857471644878387,0.18857473134994507,0.2978627681732178,0.20407690107822418,0.20407690107822418
80,0.2872341275215149,0.17858563363552094,0.17858561873435974,0.2688831388950348,0.176723912358284,0.17672394216060638
81,0.28877636790275574,0.1838258057832718,0.1838257759809494,0.2494508922100067,0.16088524460792542,0.1608852595090866
82,0.28132593631744385,0.1731213927268982,0.17312142252922058,0.28010573983192444,0.19414111971855164,0.19414110481739044
83,0.28550854325294495,0.17408183217048645,0.17408187687397003,0.3257555663585663,0.26362431049346924,0.26362431049346924
84,0.2835753262042999,0.177753284573555,0.1777532696723938,0.33179667592048645,0.24536088109016418,0.24536088109016418
85,0.2784896492958069,0.16820454597473145,0.16820453107357025,0.24419933557510376,0.15135633945465088,0.15135633945465088
86,0.27623048424720764,0.16405995190143585,0.16405995190143585,0.2725796103477478,0.18045760691165924,0.18045759201049805
87,0.2803605794906616,0.1695457100868225,0.16954563558101654,0.44060999155044556,0.46174880862236023,0.4617488384246826
88,0.2756633758544922,0.16551907360553741,0.16551904380321503,0.24499619007110596,0.1611475646495819,0.1611475646495819
89,0.27689728140830994,0.16652920842170715,0.16652920842170715,0.36406606435775757,0.2839978039264679,0.2839978039264679
90,0.28092312812805176,0.16672608256340027,0.1667260229587555,0.22971980273723602,0.14192871749401093,0.14192870259284973
91,0.2698715329170227,0.15578831732273102,0.1557883471250534,0.25018733739852905,0.1670311689376831,0.1670311838388443
92,0.2774505317211151,0.1630120724439621,0.1630120575428009,0.25551649928092957,0.1600043773651123,0.16000434756278992
93,0.2717761993408203,0.15784184634685516,0.15784181654453278,0.2634386718273163,0.179981991648674,0.1799820065498352
94,0.2789961099624634,0.16856056451797485,0.16856059432029724,0.3480691909790039,0.266905277967453,0.266905277967453
95,0.27309924364089966,0.15930449962615967,0.15930451452732086,0.253932386636734,0.16607776284217834,0.16607777774333954
96,0.2746596932411194,0.16186746954917908,0.16186745464801788,0.2633231580257416,0.1789298951625824,0.1789298951625824
97,0.27262839674949646,0.159920796751976,0.159920796751976,0.4242001175880432,0.4523186683654785,0.4523186981678009
98,0.2713179290294647,0.1597202569246292,0.1597202867269516,0.30807673931121826,0.22144795954227448,0.22144794464111328
99,0.27081024646759033,0.1584853231906891,0.1584853231906891,0.24604959785938263,0.14653444290161133,0.14653442800045013
100,0.2685811519622803,0.15844151377677917,0.15844154357910156,0.27256330847740173,0.18254747986793518,0.182547464966774
101,0.2761244773864746,0.16539546847343445,0.16539545357227325,0.2272389680147171,0.13871228694915771,0.1387123018503189
102,0.26529452204704285,0.15017801523208618,0.1501779854297638,0.2954519987106323,0.2024533599615097,0.20245333015918732
103,0.27102184295654297,0.15736418962478638,0.157364159822464,0.33014366030693054,0.2833719253540039,0.2833718955516815
104,0.26512235403060913,0.14941774308681488,0.14941778779029846,0.27753812074661255,0.18968996405601501,0.1896899938583374
105,0.27948376536369324,0.16426250338554382,0.16426248848438263,0.3022226393222809,0.23318469524383545,0.23318468034267426
106,0.2644377052783966,0.15099938213825226,0.15099938213825226,0.2961543798446655,0.1787811517715454,0.1787811517715454
107,0.264661580324173,0.15240593254566193,0.15240593254566193,0.22490543127059937,0.13925747573375702,0.13925747573375702
108,0.26258334517478943,0.15151172876358032,0.15151169896125793,0.21978558599948883,0.13454407453536987,0.13454405963420868
109,0.2611475884914398,0.14802749454975128,0.14802750945091248,0.23860037326812744,0.1403113603591919,0.1403113603591919
110,0.26710978150367737,0.15029191970825195,0.15029190480709076,0.24132907390594482,0.14296510815620422,0.14296512305736542
111,0.26164257526397705,0.14672374725341797,0.14672374725341797,0.2345028668642044,0.13824251294136047,0.13824249804019928
112,0.2766886055469513,0.16577284038066864,0.16577282547950745,0.3619868755340576,0.31015825271606445,0.31015822291374207
113,0.27373093366622925,0.15983723104000092,0.15983718633651733,0.24216139316558838,0.15176139771938324,0.15176141262054443
114,0.26180902123451233,0.14761140942573547,0.14761140942573547,0.2923549711704254,0.21525204181671143,0.21525204181671143
115,0.2640449106693268,0.1494838446378708,0.14948385953903198,0.3629390299320221,0.36147981882095337,0.36147981882095337
116,0.25939837098121643,0.14300347864627838,0.14300349354743958,0.23321473598480225,0.14452534914016724,0.14452534914016724
117,0.27783793210983276,0.156731978058815,0.156731978058815,0.6002815365791321,1.0280779600143433,1.0280779600143433
118,0.25243791937828064,0.1366538256406784,0.1366538256406784,0.31907087564468384,0.23395293951034546,0.23395293951034546
119,0.25856083631515503,0.14098669588565826,0.14098666608333588,0.28399255871772766,0.17387689650058746,0.17387688159942627
120,0.2625126540660858,0.14414161443710327,0.14414159953594208,0.2637432813644409,0.15515369176864624,0.15515367686748505
121,0.25663459300994873,0.13952575623989105,0.13952572643756866,0.2796503007411957,0.20128077268600464,0.20128075778484344
122,0.255022257566452,0.1377013623714447,0.1377013772726059,0.29503899812698364,0.22595524787902832,0.22595521807670593
123,0.25744980573654175,0.1410285383462906,0.141028493642807,0.24594013392925262,0.1511784791946411,0.1511784791946411
124,0.2626590132713318,0.14735917747020721,0.14735914766788483,0.2433178573846817,0.1505563110113144,0.1505562961101532
125,0.25111547112464905,0.13439911603927612,0.13439910113811493,0.3114583194255829,0.24956627190113068,0.24956627190113068
126,0.2522466778755188,0.13410045206546783,0.13410046696662903,0.2165033221244812,0.12606531381607056,0.12606532871723175
127,0.2518192231655121,0.1338372677564621,0.1338372677564621,0.2611846327781677,0.1670471578836441,0.1670471429824829
128,0.25730445981025696,0.13883943855762482,0.138839453458786,0.2648175060749054,0.18008172512054443,0.18008172512054443
129,0.2516315281391144,0.1336670070886612,0.1336670219898224,0.23109014332294464,0.13536420464515686,0.13536418974399567
130,0.24950098991394043,0.13225825130939484,0.13225828111171722,0.2663455009460449,0.17091460525989532,0.17091462016105652
131,0.25842055678367615,0.14080388844013214,0.1408039629459381,0.38546043634414673,0.391010582447052,0.3910106122493744
132,0.2546095550060272,0.13550741970539093,0.13550741970539093,0.235340878367424,0.13903284072875977,0.13903285562992096
133,0.24244695901870728,0.12408418953418732,0.12408419698476791,0.22292980551719666,0.12664218246936798,0.12664218246936798
134,0.2541082501411438,0.13666419684886932,0.1366642415523529,0.22088481485843658,0.12722577154636383,0.12722578644752502
135,0.24754342436790466,0.1279098391532898,0.1279098242521286,0.22131723165512085,0.13223882019519806,0.13223882019519806
136,0.24768882989883423,0.13027876615524292,0.1302787959575653,0.2138906717300415,0.12341640144586563,0.12341640889644623
137,0.24323982000350952,0.12625116109848022,0.1262511909008026,0.2177031934261322,0.12680965662002563,0.12680962681770325
138,0.25129202008247375,0.13231255114078522,0.13231253623962402,0.2656569480895996,0.1717037558555603,0.1717037558555603
139,0.2506151497364044,0.1313663125038147,0.1313663125038147,0.2395826280117035,0.1460791826248169,0.1460791975259781
140,0.2472759485244751,0.12977683544158936,0.12977685034275055,0.26449233293533325,0.16393287479877472,0.16393287479877472
141,0.24827121198177338,0.13064779341220856,0.13064782321453094,0.2694006860256195,0.1628294289112091,0.1628294289112091
142,0.2596975266933441,0.13933956623077393,0.13933956623077393,0.2444867491722107,0.1455230414867401,0.1455230414867401
143,0.25957897305488586,0.1396830677986145,0.1396830677986145,0.25859713554382324,0.16161617636680603,0.16161616146564484
144,0.2529964745044708,0.13446414470672607,0.13446412980556488,0.39990097284317017,0.35469117760658264,0.35469117760658264
145,0.2434813380241394,0.12627524137496948,0.12627524137496948,0.22775866091251373,0.13651326298713684,0.13651324808597565
146,0.24547147750854492,0.12819857895374298,0.12819857895374298,0.3126726746559143,0.2353053241968155,0.2353053092956543
147,0.245627298951149,0.1276598870754242,0.12765991687774658,0.23977987468242645,0.15218593180179596,0.15218593180179596
148,0.2506699562072754,0.13230958580970764,0.13230961561203003,0.23105023801326752,0.13183458149433136,0.13183458149433136
149,0.24937574565410614,0.1291855275630951,0.12918557226657867,0.2394949346780777,0.15035493671894073,0.15035493671894073
150,0.24207744002342224,0.12553592026233673,0.12553593516349792,0.22783878445625305,0.1380676031112671,0.13806761801242828
151,0.2489590346813202,0.1308005154132843,0.1308005154132843,0.251201331615448,0.1406061053276062,0.1406061053276062
152,0.24985165894031525,0.12788288295269012,0.1278829276561737,0.41292688250541687,0.48088470101356506,0.48088470101356506
153,0.24816393852233887,0.12861023843288422,0.12861023843288422,0.24651028215885162,0.13860587775707245,0.13860586285591125
154,0.24853241443634033,0.13093163073062897,0.13093161582946777,0.27220338582992554,0.18299511075019836,0.18299511075019836
155,0.24268792569637299,0.12472643703222275,0.12472642958164215,0.20447830855846405,0.11521603912115097,0.11521604657173157
156,0.24679253995418549,0.12643826007843018,0.12643826007843018,0.21411041915416718,0.12484591454267502,0.12484589964151382
157,0.2319687455892563,0.11381692439317703,0.11381693184375763,0.22093141078948975,0.12588736414909363,0.12588737905025482
158,0.23549167811870575,0.11586293578147888,0.11586292833089828,0.2084091454744339,0.1145530492067337,0.1145530566573143
159,0.2440190315246582,0.12354546785354614,0.12354542315006256,0.2281363159418106,0.1373666375875473,0.1373666375875473
160,0.2430220991373062,0.12284129858016968,0.12284130603075027,0.2974673807621002,0.24179111421108246,0.24179112911224365
161,0.251786470413208,0.12895765900611877,0.12895767390727997,0.2531130909919739,0.14806954562664032,0.14806953072547913
162,0.24485206604003906,0.12659457325935364,0.12659460306167603,0.23223455250263214,0.13832461833953857,0.13832461833953857
163,0.24475793540477753,0.1255105882883072,0.1255105882883072,0.212887242436409,0.11941390484571457,0.11941389739513397
164,0.23415502905845642,0.11607051640748978,0.11607050150632858,0.24468660354614258,0.1534338742494583,0.1534338742494583
165,0.23629552125930786,0.11742813140153885,0.11742814630270004,0.22163961827754974,0.11797934025526047,0.11797934770584106
166,0.23537030816078186,0.11488928645849228,0.11488933116197586,0.2798879146575928,0.19618649780750275,0.19618648290634155
167,0.23785677552223206,0.11860082298517227,0.11860084533691406,0.23701056838035583,0.13410456478595734,0.13410454988479614
168,0.24100029468536377,0.12250953912734985,0.12250951677560806,0.24282707273960114,0.14668861031532288,0.14668859541416168
169,0.24102681875228882,0.12185938656330109,0.12185937911272049,0.31259703636169434,0.22880452871322632,0.22880452871322632
170,0.23696325719356537,0.11681679636240005,0.11681678891181946,0.22961467504501343,0.1398099809885025,0.1398099660873413
171,0.23857587575912476,0.11665390431880951,0.1166539266705513,0.3233170211315155,0.2224743813276291,0.22247439622879028
172,0.2355644553899765,0.11502670496702194,0.11502671241760254,0.4559384882450104,0.6164196729660034,0.6164196729660034
173,0.23810900747776031,0.12048344314098358,0.12048345804214478,0.3304276764392853,0.27871423959732056,0.27871420979499817
174,0.2452082484960556,0.12527470290660858,0.1252746880054474,0.22439883649349213,0.12740451097488403,0.12740451097488403
175,0.23539912700653076,0.11566600948572159,0.11566600203514099,0.21662594377994537,0.11492820084095001,0.11492819339036942
176,0.23321844637393951,0.11333882808685303,0.11333885043859482,0.2990915775299072,0.23307029902935028,0.23307031393051147
177,0.24482537806034088,0.12542428076267242,0.12542425096035004,0.2713339626789093,0.19283916056156158,0.1928391456604004
178,0.2331409752368927,0.11468431353569031,0.1146843284368515,0.32992780208587646,0.30318209528923035,0.30318209528923035
179,0.23013633489608765,0.11076050251722336,0.11076049506664276,0.3022225797176361,0.23634342849254608,0.2363433986902237
180,0.23375917971134186,0.11539097875356674,0.11539096385240555,0.23780302703380585,0.14774049818515778,0.14774051308631897
181,0.23497550189495087,0.11419807374477386,0.11419808119535446,0.2823154032230377,0.21764551103115082,0.217645525932312
182,0.23523418605327606,0.11456126719713211,0.11456126719713211,0.2350376397371292,0.13347499072551727,0.13347499072551727
183,0.23274026811122894,0.11336277425289154,0.11336277425289154,0.2126041054725647,0.11810335516929626,0.11810336261987686
184,0.23300018906593323,0.11354432255029678,0.11354433745145798,0.22093452513217926,0.11969482898712158,0.11969483643770218
185,0.2298673540353775,0.1096590980887413,0.10965905338525772,0.34084680676460266,0.2970763146877289,0.29707634449005127
186,0.23498192429542542,0.11385652422904968,0.11385651677846909,0.23786263167858124,0.14572802186012268,0.14572802186012268
187,0.23371420800685883,0.11396408826112747,0.11396406590938568,0.25290951132774353,0.15331090986728668,0.15331090986728668
188,0.23290811479091644,0.11278877407312393,0.11278875917196274,0.20495754480361938,0.11264484375715256,0.11264486610889435
189,0.23035341501235962,0.11068857461214066,0.11068858206272125,0.3323744237422943,0.2773444652557373,0.2773444950580597
190,0.22740471363067627,0.10612692683935165,0.10612691193819046,0.2650545835494995,0.15650644898414612,0.1565064638853073
191,0.2366919219493866,0.11546801775693893,0.11546804010868073,0.4494728147983551,0.583558976650238,0.583558976650238
192,0.2353709489107132,0.11506180465221405,0.11506179720163345,0.4337415099143982,0.5305899977684021,0.5305899977684021
193,0.22617501020431519,0.10845852643251419,0.1084585189819336,0.3267260491847992,0.2843330502510071,0.2843330502510071
194,0.22443102300167084,0.10616447776556015,0.10616451501846313,0.20482702553272247,0.11223842948675156,0.11223843693733215
195,0.22737376391887665,0.10741142928600311,0.10741143673658371,0.25582262873649597,0.17230519652366638,0.17230519652366638
196,0.23504924774169922,0.11232666671276093,0.11232666671276093,0.23258599638938904,0.1273983269929886,0.1273983269929886
197,0.23427781462669373,0.11100980639457703,0.11100980639457703,0.3048384189605713,0.23630936443805695,0.23630934953689575
198,0.22699189186096191,0.10779698938131332,0.10779697448015213,0.21822889149188995,0.1265384554862976,0.1265384554862976
199,0.2287583202123642,0.10869240760803223,0.10869237780570984,0.29114317893981934,0.23476821184158325,0.23476821184158325
200,0.23337532579898834,0.11201225966215134,0.11201227456331253,0.20719240605831146,0.10930828750133514,0.10930830240249634
201,0.23138323426246643,0.11127250641584396,0.11127250641584396,0.22953493893146515,0.13160663843154907,0.13160665333271027
202,0.22248899936676025,0.10319679230451584,0.10319676250219345,0.22784560918807983,0.1298077553510666,0.1298077553510666
203,0.22946259379386902,0.10998687148094177,0.10998687148094177,0.27517229318618774,0.2096857875585556,0.2096857726573944
204,0.2261938452720642,0.10545376688241959,0.10545375943183899,0.24778902530670166,0.1570034772157669,0.1570034772157669
205,0.22481471300125122,0.10615943372249603,0.10615941137075424,0.23306730389595032,0.13529135286808014,0.13529136776924133
206,0.22937960922718048,0.1082247868180275,0.1082247719168663,0.2910413444042206,0.21301989257335663,0.21301990747451782
207,0.2253359854221344,0.10490313917398453,0.10490313917398453,0.19799183309078217,0.10545534640550613,0.10545533150434494
208,0.22275233268737793,0.1030670627951622,0.10306709259748459,0.24336904287338257,0.14860916137695312,0.14860916137695312
209,0.2240981161594391,0.10451845079660416,0.10451845824718475,0.22833359241485596,0.12624911963939667,0.12624911963939667
210,0.22430817782878876,0.1044425442814827,0.10444251447916031,0.2431105375289917,0.15479691326618195,0.15479691326618195
211,0.22643601894378662,0.1066037267446518,0.1066037118434906,0.23492014408111572,0.14753180742263794,0.14753180742263794
212,0.22330798208713531,0.10446490347385406,0.10446487367153168,0.44238126277923584,0.5468145608901978,0.5468146204948425
213,0.22536571323871613,0.10525736212730408,0.10525737702846527,0.20374612510204315,0.10535954684019089,0.10535955429077148
214,0.22254672646522522,0.10293429344892502,0.10293425619602203,0.2419343739748001,0.14048030972480774,0.14048030972480774
215,0.21812322735786438,0.09963309019804001,0.0996331050992012,0.205094113945961,0.11118130385875702,0.11118131130933762
216,0.2249755710363388,0.10642826557159424,0.10642828047275543,0.24305006861686707,0.14602209627628326,0.14602209627628326
217,0.2249583750963211,0.10731585323810577,0.10731586068868637,0.6269596219062805,1.1624159812927246,1.1624159812927246
218,0.22717507183551788,0.10704970359802246,0.10704968869686127,0.24682432413101196,0.15323740243911743,0.15323740243911743
219,0.22968557476997375,0.1098325178027153,0.1098325178027153,0.25164464116096497,0.16104687750339508,0.16104687750339508
220,0.22629837691783905,0.10706917941570282,0.10706916451454163,0.25935202836990356,0.17418153584003448,0.17418153584003448
221,0.2223849892616272,0.10306206345558167,0.10306202620267868,0.21880199015140533,0.1204845979809761,0.1204845979809761
222,0.2194032520055771,0.10060141235589981,0.100601427257061,0.3869618773460388,0.42587727308273315,0.42587724328041077
223,0.22412581741809845,0.1052304208278656,0.105230413377285,0.3554386496543884,0.33347707986831665,0.33347707986831665
224,0.22291918098926544,0.1029692217707634,0.1029692068696022,0.31542685627937317,0.25973889231681824,0.25973889231681824
225,0.21794117987155914,0.09951481223106384,0.09951478987932205,0.32385310530662537,0.24762165546417236,0.24762165546417236
226,0.22244714200496674,0.10228504240512848,0.10228504985570908,0.25449249148368835,0.15480206906795502,0.15480206906795502
227,0.22289791703224182,0.10369168967008591,0.10369168221950531,0.27867138385772705,0.2165173590183258,0.2165173590183258
228,0.22056236863136292,0.10110791772603989,0.10110791772603989,0.20456460118293762,0.11344847083091736,0.11344846338033676
229,0.2182249277830124,0.09937337040901184,0.09937338531017303,0.2577320635318756,0.14779046177864075,0.14779046177864075
230,0.2195974737405777,0.1001899242401123,0.1001899391412735,0.20528489351272583,0.11364122480154037,0.11364122480154037
231,0.2254982590675354,0.10656177997589111,0.10656176507472992,0.3912850618362427,0.4357483386993408,0.43574830889701843
232,0.223354771733284,0.10186871886253357,0.10186875611543655,0.20022805035114288,0.1075621172785759,0.1075621023774147
233,0.22310303151607513,0.10100347548723221,0.10100346803665161,0.21867723762989044,0.11994045972824097,0.11994043737649918
234,0.2249896228313446,0.10444178432226181,0.104441799223423,0.32963085174560547,0.27724769711494446,0.27724769711494446
235,0.22279030084609985,0.10219769924879074,0.10219768434762955,0.24898380041122437,0.16329500079154968,0.16329500079154968
236,0.21859925985336304,0.09936519712209702,0.09936520457267761,0.2517668902873993,0.15573666989803314,0.15573665499687195
237,0.21645790338516235,0.09720645844936371,0.09720644354820251,0.3842872083187103,0.4024263620376587,0.4024263322353363
238,0.2180641144514084,0.09882637113332748,0.09882635623216629,0.19302073121070862,0.1021289974451065,0.10212898254394531
239,0.2200263887643814,0.0997178927063942,0.09971790015697479,0.24587129056453705,0.15501612424850464,0.15501613914966583
240,0.22327934205532074,0.10323864966630936,0.10323866456747055,0.2942475378513336,0.19865544140338898,0.19865542650222778
241,0.21829625964164734,0.09886684268712997,0.09886681288480759,0.19546739757061005,0.10640257596969604,0.10640255361795425
242,0.21709640324115753,0.09787644445896149,0.0978764221072197,0.20444710552692413,0.11291609704494476,0.11291608959436417
243,0.21510252356529236,0.09562516957521439,0.09562516212463379,0.19812437891960144,0.10215708613395691,0.10215708613395691
244,0.2116958647966385,0.09291308373212814,0.09291309118270874,0.46280616521835327,0.5783764719963074,0.5783763527870178
245,0.21427570283412933,0.09531587362289429,0.0953158512711525,0.22018983960151672,0.12728504836559296,0.12728503346443176
246,0.2163286656141281,0.09705448150634766,0.09705447405576706,0.20217838883399963,0.10916781425476074,0.10916781425476074
247,0.2167738974094391,0.09666550159454346,0.09666550904512405,0.22233188152313232,0.12401806563138962,0.12401805818080902
248,0.2208467572927475,0.10063983500003815,0.10063982009887695,0.19500941038131714,0.10236090421676636,0.10236091166734695
249,0.22072570025920868,0.10175956040620804,0.10175956040620804,0.3834220767021179,0.37608861923217773,0.37608858942985535
250,0.21607501804828644,0.09685279428958893,0.09685280919075012,0.2524701952934265,0.17129239439964294,0.17129239439964294
251,0.2184479832649231,0.097381591796875,0.097381591796875,0.2675442099571228,0.16910037398338318,0.16910037398338318
252,0.22072497010231018,0.10029389709234238,0.10029390454292297,0.20357206463813782,0.11096913367509842,0.11096913367509842
253,0.22370466589927673,0.10184928774833679,0.10184930264949799,0.18782518804073334,0.09876839071512222,0.09876838326454163
254,0.21549564599990845,0.09686486423015594,0.09686483442783356,0.2072560042142868,0.11379475146532059,0.11379475146532059
255,0.21292266249656677,0.09360326826572418,0.09360326081514359,0.23069386184215546,0.13228286802768707,0.13228288292884827
256,0.21664439141750336,0.09718228876590729,0.09718231111764908,0.23334655165672302,0.14148789644241333,0.14148789644241333
257,0.21709303557872772,0.09825914353132248,0.09825914353132248,0.2999255359172821,0.23145224153995514,0.23145227134227753
258,0.21461595594882965,0.09589698165655136,0.09589698910713196,0.29748740792274475,0.2080451399087906,0.2080451399087906
259,0.21736599504947662,0.09768743813037872,0.09768746793270111,0.282248318195343,0.1890374720096588,0.18903745710849762
260,0.21419957280158997,0.09421908110380173,0.09421909600496292,0.2959769070148468,0.21713575720787048,0.21713577210903168
261,0.21685704588890076,0.09729970246553421,0.09729970246553421,0.2822265028953552,0.2010023295879364,0.2010023295879364
262,0.2143377959728241,0.09532677382230759,0.09532676637172699,0.2035628855228424,0.11014839261770248,0.11014840006828308
263,0.21268494427204132,0.09354917705059052,0.0935491994023323,0.24216105043888092,0.15402531623840332,0.15402533113956451
264,0.2090558409690857,0.0911700427532196,0.0911700576543808,0.22439023852348328,0.1325547993183136,0.1325547993183136
265,0.21064701676368713,0.09211508929729462,0.09211508184671402,0.18387845158576965,0.09558822214603424,0.09558821469545364
266,0.21004419028759003,0.09134034067392349,0.09134034812450409,0.271127313375473,0.19524037837982178,0.19524036347866058
267,0.21124988794326782,0.09172820299863815,0.09172820299863815,0.2039065957069397,0.10832150280475616,0.10832151025533676
268,0.2110859453678131,0.09203913807868958,0.09203916788101196,0.21300651133060455,0.11468741297721863,0.11468741297721863
269,0.21137963235378265,0.09237391501665115,0.09237389266490936,0.21128688752651215,0.1192818284034729,0.1192818209528923
270,0.21204207837581635,0.0929679274559021,0.0929679274559021,0.22105412185192108,0.12410430610179901,0.12410429865121841
271,0.21460005640983582,0.09414263814687729,0.09414263814687729,0.18718376755714417,0.09888021647930145,0.09888022392988205
272,0.21278081834316254,0.09449310600757599,0.09449310600757599,0.20106372237205505,0.10936243087053299,0.10936242341995239
273,0.21031557023525238,0.09141898900270462,0.09141898155212402,0.20101389288902283,0.10760248452425003,0.10760248452425003
274,0.2111119031906128,0.09174341708421707,0.09174340963363647,0.22083058953285217,0.12787292897701263,0.12787292897701263
275,0.2087131291627884,0.0906851515173912,0.09068513661623001,0.6324712038040161,1.165848970413208,1.1658488512039185
276,0.21999448537826538,0.09920953214168549,0.09920953959226608,0.28503480553627014,0.2026941031217575,0.2026941031217575
277,0.21485431492328644,0.09497806429862976,0.09497806429862976,0.18701371550559998,0.095594123005867,0.095594123005867
278,0.21320250630378723,0.0931469276547432,0.09314694255590439,0.1969994604587555,0.10472552478313446,0.10472551733255386
279,0.21775409579277039,0.09579379856586456,0.09579378366470337,0.23743698000907898,0.1413750797510147,0.1413750797510147
280,0.20950846374034882,0.09087006747722626,0.09087007492780685,0.2926579713821411,0.19282139837741852,0.19282139837741852
281,0.21288438141345978,0.09261436760425568,0.09261437505483627,0.21492768824100494,0.10713213682174683,0.10713213682174683
282,0.2110268622636795,0.09267689287662506,0.09267687797546387,0.2928547263145447,0.23811446130275726,0.23811443150043488
283,0.20821239054203033,0.09052524715662003,0.09052525460720062,0.29668375849723816,0.21534210443496704,0.21534210443496704
284,0.20788681507110596,0.0890703946352005,0.0890704020857811,0.24490883946418762,0.14259333908557892,0.14259332418441772
285,0.2091645896434784,0.09105920791625977,0.09105921536684036,0.34021636843681335,0.3178863525390625,0.3178863525390625
286,0.21068285405635834,0.09211184084415436,0.09211182594299316,0.25044143199920654,0.15717564523220062,0.15717566013336182
287,0.20578798651695251,0.08802466094493866,0.08802466839551926,0.29863572120666504,0.23693132400512695,0.23693133890628815
288,0.21025843918323517,0.09063484519720078,0.09063485264778137,0.21062186360359192,0.11063289642333984,0.11063290387392044
289,0.2062651365995407,0.08760452270507812,0.08760450780391693,0.18363511562347412,0.09255945682525635,0.09255944937467575
290,0.21062912046909332,0.09052836894989014,0.09052839130163193,0.20611825585365295,0.11118492484092712,0.11118493229150772
291,0.205636128783226,0.08765216916799545,0.08765215426683426,0.20237912237644196,0.1055220514535904,0.10552205890417099
292,0.2089257389307022,0.09017309546470642,0.09017311036586761,0.20600226521492004,0.10812290012836456,0.10812289267778397
293,0.20771153271198273,0.08895383030176163,0.08895381540060043,0.21417537331581116,0.10232634842395782,0.10232634097337723
294,0.20510603487491608,0.08771409094333649,0.08771408349275589,0.27261850237846375,0.1729453206062317,0.1729453057050705
295,0.2074064016342163,0.08915193378925323,0.08915194123983383,0.1870693415403366,0.0981283038854599,0.0981283113360405
296,0.20693044364452362,0.08899811655282974,0.08899812400341034,0.18692776560783386,0.09532802551984787,0.09532803297042847
297,0.20376333594322205,0.08644551783800125,0.08644551038742065,0.27304506301879883,0.189326673746109,0.189326673746109
298,0.2071349024772644,0.08788834512233734,0.08788834512233734,0.20095737278461456,0.10848727822303772,0.10848727077245712
299,0.20860543847084045,0.08955098688602448,0.08955101668834686,0.19338929653167725,0.09594505280256271,0.09594505280256271
300,0.21529273688793182,0.09426584094762802,0.09426584094762802,0.20884369313716888,0.11515328288078308,0.11515328288078308
301,0.20891664922237396,0.09017625451087952,0.09017626196146011,0.20348528027534485,0.10652235150337219,0.10652235895395279
302,0.20646977424621582,0.08789975196123123,0.08789975196123123,0.19492366909980774,0.10442273318767548,0.10442272573709488
303,0.20434248447418213,0.08634092658758163,0.08634091168642044,0.19795463979244232,0.10316203534603119,0.10316204279661179
304,0.2078244835138321,0.08919322490692139,0.08919321745634079,0.23883657157421112,0.13829369843006134,0.13829369843006134
305,0.20503005385398865,0.08690562099218369,0.08690562099218369,0.21635618805885315,0.1260831356048584,0.1260831505060196
306,0.20525400340557098,0.08681517094373703,0.08681517839431763,0.1972775161266327,0.10765949636697769,0.1076594814658165
307,0.21014156937599182,0.0893455445766449,0.0893455520272255,0.20799264311790466,0.11507347226142883,0.11507348716259003
308,0.20564380288124084,0.08697408437728882,0.08697409182786942,0.4187958538532257,0.45212191343307495,0.45212188363075256
309,0.20439362525939941,0.08668502420186996,0.08668500930070877,0.2864368259906769,0.20256365835666656,0.20256367325782776
310,0.2041027694940567,0.08607108145952225,0.08607108145952225,0.1859794408082962,0.09612970799207687,0.09612970054149628
311,0.20272588729858398,0.08513268083333969,0.08513268083333969,0.3149731159210205,0.2741587162017822,0.2741587162017822
312,0.20668509602546692,0.08831353485584259,0.08831353485584259,0.22236000001430511,0.11742191761732101,0.11742191761732101
313,0.20281723141670227,0.08494166284799576,0.08494167029857635,0.2634751498699188,0.18250514566898346,0.18250516057014465
314,0.20458419620990753,0.08594824373722076,0.08594824373722076,0.20189902186393738,0.09508160501718521,0.09508161246776581
315,0.20223315060138702,0.08446459472179413,0.08446459472179413,0.24200910329818726,0.15502609312534332,0.15502609312534332
316,0.21044860780239105,0.09166432172060013,0.09166434407234192,0.20499558746814728,0.10605045408010483,0.10605045408010483
317,0.207286536693573,0.08933983743190765,0.08933981508016586,0.20480798184871674,0.11148194968700409,0.11148195713758469
318,0.20476490259170532,0.08593327552080154,0.08593326807022095,0.1943362057209015,0.10164952278137207,0.10164949297904968
319,0.20374789834022522,0.08542206138372421,0.08542206883430481,0.19098898768424988,0.09756150096654892,0.09756150841712952
320,0.20357854664325714,0.08604378998279572,0.08604378998279572,0.23829436302185059,0.14591564238071442,0.14591564238071442
321,0.20696088671684265,0.08778709173202515,0.08778708428144455,0.2660524845123291,0.17805543541908264,0.17805545032024384
322,0.20587953925132751,0.08688459545373917,0.08688459545373917,0.24128513038158417,0.14667077362537384,0.14667077362537384
323,0.2041958123445511,0.08655364066362381,0.08655364066362381,0.238973468542099,0.14436383545398712,0.14436385035514832
324,0.20530018210411072,0.08741328120231628,0.08741328120231628,0.31594496965408325,0.26856929063796997,0.2685692608356476
325,0.20445166528224945,0.08645308017730713,0.08645308762788773,0.27709367871284485,0.20046086609363556,0.20046083629131317
326,0.20212224125862122,0.08399810642004013,0.08399811387062073,0.20249228179454803,0.10241450369358063,0.10241450369358063
327,0.20149584114551544,0.08453486859798431,0.08453485369682312,0.25008711218833923,0.16427679359912872,0.16427679359912872
328,0.2080058455467224,0.08901392668485641,0.08901394158601761,0.17964111268520355,0.08980953693389893,0.08980954438447952
329,0.20401224493980408,0.08652038127183914,0.08652038127183914,0.2764923572540283,0.18279191851615906,0.18279193341732025
330,0.20343081653118134,0.08486483246088028,0.08486484736204147,0.28988221287727356,0.21204715967178345,0.21204715967178345
331,0.20027253031730652,0.08240117877721786,0.08240117877721786,0.1966456174850464,0.09392460435628891,0.0939246118068695
332,0.20019681751728058,0.08322202414274216,0.08322200924158096,0.2061017006635666,0.10778636485338211,0.10778636485338211
333,0.2019183337688446,0.08364886790513992,0.08364886045455933,0.18612195551395416,0.09526976943016052,0.09526978433132172
334,0.2012327015399933,0.08383577316999435,0.08383575826883316,0.4203987121582031,0.4582967162132263,0.4582967460155487
335,0.19993630051612854,0.08276088535785675,0.08276089280843735,0.18128077685832977,0.09303846955299377,0.09303847700357437
336,0.2031852751970291,0.0851755291223526,0.085175521671772,0.18703210353851318,0.09548861533403397,0.09548860788345337
337,0.2043367624282837,0.08587265759706497,0.08587266504764557,0.2487044781446457,0.15831266343593597,0.15831267833709717
338,0.2023756057024002,0.08407912403345108,0.08407910913228989,0.17732974886894226,0.08715864270925522,0.08715865015983582
339,0.201269268989563,0.08357595652341843,0.08357597142457962,0.23351213335990906,0.14172683656215668,0.14172683656215668
340,0.20077301561832428,0.0836813896894455,0.0836813896894455,0.19537754356861115,0.10224448144435883,0.10224448889493942
341,0.20178818702697754,0.08387726545333862,0.08387727290391922,0.28571462631225586,0.21505683660507202,0.2150568664073944
342,0.19894467294216156,0.08194427937269211,0.0819442942738533,0.24195678532123566,0.15734511613845825,0.15734511613845825
343,0.20086795091629028,0.08322445303201675,0.08322444558143616,0.27322259545326233,0.18139518797397614,0.18139517307281494
344,0.20341971516609192,0.08474959433078766,0.08474955707788467,0.23759473860263824,0.12479738891124725,0.12479739636182785
345,0.20454779267311096,0.08507776260375977,0.08507777005434036,0.5423398613929749,0.8447773456573486,0.8447772264480591
346,0.20082156360149384,0.08288112282752991,0.08288111537694931,0.18420930206775665,0.09720398485660553,0.09720398485660553
347,0.20243674516677856,0.08449843525886536,0.08449844270944595,0.2654852569103241,0.17403660714626312,0.17403660714626312
348,0.19963978230953217,0.08183667063713074,0.08183666318655014,0.180854931473732,0.08903706073760986,0.08903705328702927
349,0.19922226667404175,0.0822758674621582,0.08227589726448059,0.2199426293373108,0.12871117889881134,0.12871117889881134
350,0.2012176513671875,0.08403123170137405,0.08403118699789047,0.19906498491764069,0.1096133291721344,0.10961335152387619
351,0.1980680525302887,0.08174337446689606,0.08174338936805725,0.19479040801525116,0.09979357570409775,0.09979357570409775
352,0.1969914436340332,0.08041057735681534,0.08041054755449295,0.18385370075702667,0.09458387643098831,0.09458388388156891
353,0.2015070766210556,0.08411748707294464,0.08411750197410583,0.19165202975273132,0.09682191163301468,0.09682189673185349
354,0.1999458521604538,0.08209438621997833,0.08209440112113953,0.18363209068775177,0.09291749447584152,0.09291748702526093
355,0.20038112998008728,0.08310166746377945,0.08310166001319885,0.42219865322113037,0.48423242568969727,0.48423248529434204
356,0.2026694267988205,0.08554849028587341,0.08554849028587341,0.2568220794200897,0.15958543121814728,0.15958541631698608
357,0.20692460238933563,0.08738122135400772,0.08738123625516891,0.28173303604125977,0.19824504852294922,0.19824504852294922
358,0.20227493345737457,0.08407602459192276,0.08407601714134216,0.23456613719463348,0.13353155553340912,0.13353155553340912
359,0.19903871417045593,0.08149942010641098,0.08149940520524979,0.19776853919029236,0.10268925875425339,0.10268925875425339
360,0.1958782821893692,0.07946673780679703,0.07946673780679703,0.18042564392089844,0.09073154628276825,0.09073153883218765
361,0.19720734655857086,0.08004214614629745,0.08004213124513626,0.2264748364686966,0.1315792351961136,0.13157925009727478
362,0.20017817616462708,0.08279567956924438,0.08279567956924438,0.2640426456928253,0.18064281344413757,0.18064282834529877
363,0.2005072683095932,0.08232572674751282,0.08232573419809341,0.18812759220600128,0.09518525004386902,0.09518526494503021
364,0.19894948601722717,0.08076257258653641,0.08076256513595581,0.19335885345935822,0.09575670957565308,0.09575672447681427
365,0.19855649769306183,0.08177387714385986,0.08177386224269867,0.6058995723724365,1.0748980045318604,1.0748980045318604
366,0.19569648802280426,0.08006483316421509,0.0800648182630539,0.1911787986755371,0.10158456861972809,0.10158457607030869
367,0.19845788180828094,0.08106864243745804,0.08106864243745804,0.19264313578605652,0.09800393134355545,0.09800392389297485
368,0.19952280819416046,0.08210146427154541,0.08210147172212601,0.2365420162677765,0.1298799216747284,0.1298799365758896
369,0.20403249561786652,0.08572259545326233,0.08572261780500412,0.31082651019096375,0.2452852427959442,0.24528522789478302
370,0.20110191404819489,0.08291736245155334,0.08291736245155334,0.19666418433189392,0.10363927483558655,0.10363926738500595
371,0.20361636579036713,0.08441097289323807,0.08441098779439926,0.1895744651556015,0.09834608435630798,0.09834608435630798
372,0.1964949667453766,0.07964643836021423,0.07964640855789185,0.3059581518173218,0.2536027729511261,0.2536027729511261
373,0.19587326049804688,0.0802212655544281,0.0802212804555893,0.20379458367824554,0.10928775370121002,0.10928774625062943
374,0.198232039809227,0.0801624283194542,0.0801624208688736,0.17697249352931976,0.0876980796456337,0.0876980796456337
375,0.20289026200771332,0.08456200361251831,0.08456199616193771,0.1912543922662735,0.09372387081384659,0.09372387081384659
376,0.19853587448596954,0.08082333952188492,0.08082331717014313,0.19013458490371704,0.09939303994178772,0.09939303994178772
377,0.19945020973682404,0.08082789182662964,0.08082790672779083,0.18260958790779114,0.0910976305603981,0.0910976305603981
378,0.19710326194763184,0.07968033105134964,0.07968033850193024,0.224672332406044,0.13451537489891052,0.13451537489891052
379,0.19556209444999695,0.078556589782238,0.0785566046833992,0.21475750207901,0.11311910301446915,0.11311911046504974
380,0.20043563842773438,0.0824071392416954,0.0824071392416954,0.48714154958724976,0.6574763655662537,0.6574763655662537
381,0.1955869346857071,0.07968062162399292,0.07968062162399292,0.18983253836631775,0.09829282760620117,0.09829282015562057
382,0.19559462368488312,0.0787101462483406,0.07871013879776001,0.21190118789672852,0.11596078425645828,0.11596078425645828
383,0.1961318850517273,0.07939501106739044,0.07939498871564865,0.24180789291858673,0.13282062113285065,0.13282063603401184
384,0.19850750267505646,0.08053147047758102,0.08053146302700043,0.2912953794002533,0.20804397761821747,0.20804397761821747
385,0.1979275345802307,0.0800752192735672,0.0800752118229866,0.33563417196273804,0.3136419355869293,0.3136419355869293
386,0.1967388540506363,0.07987170666456223,0.07987170666456223,0.17469482123851776,0.08596327900886536,0.08596327900886536
387,0.19657662510871887,0.08030108362436295,0.08030106127262115,0.18613149225711823,0.09421700239181519,0.09421700239181519
388,0.19394472241401672,0.07797402143478394,0.07797402143478394,0.17287592589855194,0.08539804816246033,0.08539804816246033
389,0.1989472359418869,0.0816309005022049,0.0816309005022049,0.4564581513404846,0.580326497554779,0.5803264379501343
390,0.19713829457759857,0.08207140862941742,0.08207140117883682,0.21671253442764282,0.11991751194000244,0.11991751939058304
391,0.19634060561656952,0.07964853197336197,0.07964852452278137,0.21072916686534882,0.10395973920822144,0.10395974665880203
392,0.1974417269229889,0.08013192564249039,0.08013191819190979,0.17689600586891174,0.08671202510595322,0.08671201765537262
393,0.1946345865726471,0.0780460461974144,0.07804606854915619,0.5112606883049011,0.727548360824585,0.7275484800338745
394,0.19282026588916779,0.07686684280633926,0.07686685025691986,0.2517906725406647,0.15116196870803833,0.15116196870803833
395,0.1946917623281479,0.07790526747703552,0.07790527492761612,0.19014042615890503,0.09612704813480377,0.09612704068422318
396,0.19573551416397095,0.07826325297355652,0.07826324552297592,0.3881373107433319,0.38635575771331787,0.38635575771331787
397,0.19457559287548065,0.07823892682790756,0.07823893427848816,0.20879270136356354,0.11487482488155365,0.11487483978271484
398,0.19602040946483612,0.07906247675418854,0.07906249910593033,0.1800985485315323,0.08605454862117767,0.08605454862117767
399,0.19858670234680176,0.08190667629241943,0.08190669119358063,0.19557523727416992,0.09964855760335922,0.09964854270219803
400,0.19916148483753204,0.080829918384552,0.080829918384552,0.25099945068359375,0.1579521894454956,0.1579522043466568
401,0.19883091747760773,0.08218007534742355,0.08218007534742355,0.2019338309764862,0.10010874271392822,0.10010872781276703
402,0.19685755670070648,0.0794200524687767,0.0794200524687767,0.18944555521011353,0.08916804194450378,0.08916804194450378
403,0.19518747925758362,0.07786833494901657,0.07786834985017776,0.1776369959115982,0.08803009986877441,0.08803009986877441
404,0.19144019484519958,0.07578058540821075,0.07578057050704956,0.19068028032779694,0.10022014379501343,0.10022015124559402
405,0.1930047869682312,0.07634718716144562,0.07634717971086502,0.17204177379608154,0.08455854654312134,0.08455853909254074
406,0.19064375758171082,0.07503514736890793,0.07503514736890793,0.2679904103279114,0.1894209086894989,0.1894209086894989
407,0.19789865612983704,0.08016140758991241,0.08016139268875122,0.17401385307312012,0.08532624691724777,0.08532624691724777
408,0.1969544142484665,0.07948152720928192,0.07948151975870132,0.18963728845119476,0.0997481644153595,0.0997481718659401
409,0.19464799761772156,0.07811237871646881,0.07811236381530762,0.1688464879989624,0.0822942778468132,0.0822942778468132
410,0.19595842063426971,0.07892073690891266,0.07892073690891266,0.2613866329193115,0.17644257843494415,0.17644256353378296
411,0.1935802698135376,0.07748150080442429,0.07748150825500488,0.1850726157426834,0.0918121337890625,0.0918121486902237
412,0.19693003594875336,0.078926682472229,0.0789266973733902,0.2974766492843628,0.21763411164283752,0.21763411164283752
413,0.1950366497039795,0.07836776226758957,0.07836775481700897,0.18673087656497955,0.09049026668071747,0.09049027413129807
414,0.19492141902446747,0.0780767947435379,0.0780767872929573,0.22061842679977417,0.126546710729599,0.1265467256307602
415,0.19326896965503693,0.07702252268791199,0.07702252268791199,0.17858996987342834,0.08651593327522278,0.08651594817638397
416,0.19511929154396057,0.0780518427491188,0.07805183529853821,0.2736053168773651,0.20192879438400269,0.20192880928516388
417,0.19832688570022583,0.07932763546705246,0.07932764291763306,0.19219978153705597,0.09751440584659576,0.09751440584659576
418,0.19176501035690308,0.07588467001914978,0.07588467001914978,0.21240101754665375,0.11920743435621262,0.11920743435621262
419,0.1927686631679535,0.07655090093612671,0.0765509158372879,0.18272265791893005,0.09314553439617157,0.09314554184675217
420,0.19462698698043823,0.07702399790287018,0.07702401280403137,0.34814324975013733,0.3253529965877533,0.3253530263900757
421,0.19114091992378235,0.07555390149354935,0.07555393129587173,0.18050025403499603,0.08820636570453644,0.08820637315511703
422,0.19534659385681152,0.07841969281435013,0.07841970026493073,0.19425074756145477,0.10442806035280228,0.10442805290222168
423,0.1956663727760315,0.07818011194467545,0.07818008214235306,0.1806095689535141,0.08874042332172394,0.08874041587114334
424,0.19530902802944183,0.07901444286108017,0.07901444286108017,0.19059522449970245,0.09464213252067566,0.09464212507009506
425,0.1921858936548233,0.0759432464838028,0.07594326883554459,0.18871478736400604,0.09645445644855499,0.0964544415473938
426,0.18999354541301727,0.07490802556276321,0.07490802556276321,0.18595771491527557,0.09595059603452682,0.09595058858394623
427,0.19223514199256897,0.07581671327352524,0.07581671327352524,0.17556904256343842,0.08475460112094879,0.08475460112094879
428,0.19486726820468903,0.07862899452447891,0.07862898707389832,0.25889450311660767,0.16628813743591309,0.1662881225347519
429,0.19565683603286743,0.07902563363313675,0.07902564853429794,0.22976791858673096,0.1348675787448883,0.1348675936460495
430,0.19184468686580658,0.07556190341711044,0.07556190341711044,0.17248795926570892,0.08162067830562592,0.08162067830562592
431,0.19212214648723602,0.07628429681062698,0.07628428190946579,0.3000645041465759,0.23549982905387878,0.23549985885620117
432,0.19076058268547058,0.07533539086580276,0.07533539831638336,0.21531157195568085,0.10802795737981796,0.10802797228097916
433,0.19560980796813965,0.07827329635620117,0.07827328145503998,0.1866275519132614,0.0937432050704956,0.0937432199716568
434,0.1932832896709442,0.07804692536592484,0.07804694026708603,0.5733963251113892,0.9678617119789124,0.9678617119789124
435,0.1938846856355667,0.07840429246425629,0.07840428501367569,0.1867976188659668,0.09203358739614487,0.09203358739614487
436,0.1933138519525528,0.07782773673534393,0.07782773673534393,0.18716780841350555,0.09063806384801865,0.09063807129859924
437,0.18854796886444092,0.07391446083784103,0.07391445338726044,0.17514745891094208,0.08602963387966156,0.08602962642908096
438,0.19314926862716675,0.07667854428291321,0.07667854428291321,0.24119684100151062,0.1403348594903946,0.1403348743915558
439,0.18767796456813812,0.07284987717866898,0.07284986227750778,0.43557947874069214,0.5254178047180176,0.5254178047180176
440,0.19458146393299103,0.07811165601015091,0.07811164110898972,0.20486970245838165,0.10020894557237625,0.10020895302295685
441,0.19337579607963562,0.07667709141969681,0.07667709141969681,0.19195081293582916,0.09666568040847778,0.09666567295789719
442,0.19021159410476685,0.07463769614696503,0.07463770359754562,0.17708280682563782,0.08869557082653046,0.08869557082653046
443,0.19135843217372894,0.07521701604127884,0.07521700859069824,0.24612727761268616,0.16005687415599823,0.16005687415599823
444,0.1896984577178955,0.07452178001403809,0.07452178001403809,0.20841850340366364,0.11328256875276566,0.11328257620334625
445,0.19435125589370728,0.07770120352506638,0.07770120352506638,0.17311984300613403,0.08213628083467484,0.08213628083467484
446,0.19268733263015747,0.07694675028324127,0.07694675028324127,0.20106300711631775,0.10484020411968231,0.10484021157026291
447,0.1926642656326294,0.07649852335453033,0.07649852335453033,0.19655081629753113,0.10155189037322998,0.10155189782381058
448,0.18799817562103271,0.07351505756378174,0.07351508736610413,0.18426397442817688,0.09240016341209412,0.09240015596151352
449,0.1925860494375229,0.07582370936870575,0.07582371681928635,0.20811384916305542,0.10591594874858856,0.10591595619916916
450,0.19195683300495148,0.07569049298763275,0.07569050043821335,0.26848700642585754,0.1799164116382599,0.1799164116382599
451,0.1923036426305771,0.07596699148416519,0.0759669840335846,0.22160875797271729,0.12026357650756836,0.12026357650756836
452,0.19093051552772522,0.07515349984169006,0.07515349239110947,0.3858538568019867,0.40761157870292664,0.40761157870292664
453,0.18726997077465057,0.07257682085037231,0.07257681339979172,0.26881712675094604,0.19023796916007996,0.19023798406124115
454,0.1902690827846527,0.07489662617444992,0.07489662617444992,0.26816749572753906,0.18222856521606445,0.18222856521606445
455,0.18909890949726105,0.07388150691986084,0.07388150691986084,0.18677790462970734,0.08934643864631653,0.08934645354747772
456,0.1903647780418396,0.07444142550230026,0.07444141805171967,0.2444111406803131,0.1581106185913086,0.1581106036901474
457,0.19205516576766968,0.07604203373193741,0.07604202628135681,0.20124050974845886,0.10908465087413788,0.10908465087413788
458,0.18815530836582184,0.07307824492454529,0.07307824492454529,0.21669186651706696,0.12439306080341339,0.1243930533528328
459,0.18807369470596313,0.07319865375757217,0.07319866120815277,0.28389865159988403,0.19587011635303497,0.19587011635303497
460,0.1947174221277237,0.07685116678476334,0.07685117423534393,0.18935196101665497,0.09012085199356079,0.0901208370923996
461,0.19614005088806152,0.0780676081776619,0.07806762307882309,0.20945727825164795,0.11384637653827667,0.11384639143943787
462,0.18923519551753998,0.07415998727083206,0.07416000217199326,0.19078317284584045,0.09913484752178192,0.09913485497236252
463,0.18778285384178162,0.07278416305780411,0.07278415560722351,0.19203311204910278,0.09742564707994461,0.09742565453052521
464,0.19034983217716217,0.07470185309648514,0.07470186799764633,0.22614137828350067,0.12556393444538116,0.12556394934654236
465,0.19167877733707428,0.07552081346511841,0.07552079111337662,0.18055300414562225,0.08856368809938431,0.0885636955499649
466,0.18817082047462463,0.07395270466804504,0.07395271211862564,0.17282547056674957,0.0828188955783844,0.0828188881278038
467,0.18519102036952972,0.07127391546964645,0.07127392292022705,0.3105611801147461,0.25963979959487915,0.25963976979255676
468,0.1871429681777954,0.07239104807376862,0.07239105552434921,0.2500215768814087,0.16276481747627258,0.16276484727859497
469,0.19031746685504913,0.07503561675548553,0.07503562420606613,0.22423133254051208,0.13141314685344696,0.13141316175460815
470,0.18855981528759003,0.07355469465255737,0.07355469465255737,0.2198362648487091,0.11869022995233536,0.11869022250175476
471,0.1961306631565094,0.0789530947804451,0.07895310968160629,0.19029533863067627,0.09428286552429199,0.09428287297487259
472,0.19004741311073303,0.07478626817464828,0.07478626817464828,0.28460031747817993,0.1988561600446701,0.1988561451435089
473,0.1930687129497528,0.07617959380149841,0.0761796087026596,0.4359990954399109,0.49187856912612915,0.49187853932380676
474,0.1902334988117218,0.07363291084766388,0.07363290339708328,0.21307127177715302,0.11268322169780731,0.11268322914838791
475,0.18755534291267395,0.07266148179769516,0.07266146689653397,0.1882409304380417,0.09587539732456207,0.09587540477514267
476,0.1831732541322708,0.07000751048326492,0.07000749558210373,0.1877993643283844,0.09387589246034622,0.09387588500976562
477,0.18969441950321198,0.07422274351119995,0.07422272115945816,0.16927483677864075,0.08182152360677719,0.08182153105735779
478,0.18982107937335968,0.07454651594161987,0.07454652339220047,0.2134428173303604,0.11841574311256409,0.11841575056314468
479,0.19126850366592407,0.07575321197509766,0.07575319707393646,0.21034549176692963,0.11486126482486725,0.11486125737428665
480,0.1904851496219635,0.07439303398132324,0.07439304888248444,0.2292463630437851,0.1287306696176529,0.1287306547164917
